Account Name,Parent Account,Account Number,Parent Account Number,Is Group,Account Type,Root Type,Account Currency
Tài sản ngắn hạn,,1,,1,,Asset,VND
Tài sản dài hạn,,2,,1,,Asset,VND
Nợ phải trả,,3,,1,,Liability,VND
Vốn chủ sở hữu,,4,,1,,Equity,VND
Doanh thu,,5,,1,,Income,VND
"Chi phí sản xuất, kinh doanh",,6,,1,Expenses Included In Asset Valuation,Expense,VND
Thu nhập khác (loại),,7,,1,,Income,VND
Chi phí khác (loại),,8,,1,,Expense,VND
Xác định kết quả kinh doanh (loại),,9,,1,,Income,VND
Tiền mặt,Tài sản ngắn hạn,111,1,1,Cash,Asset,VND
Tiền gửi Ngân hàng,Tài sản ngắn hạn,112,1,1,Bank,Asset,VND
Tiền đang chuyển,Tài sản ngắn hạn,113,1,1,Bank,Asset,VND
Chứng khoán kinh doanh,Tài sản ngắn hạn,121,1,1,,Asset,VND
Đầu tư nắm giữ đến ngày đáo hạn,Tài sản ngắn hạn,128,1,1,,Asset,VND
Phải thu của khách hàng,Tài sản ngắn hạn,131,1,0,Receivable,Asset,VND
Thuế GTGT được khấu trừ,Tài sản ngắn hạn,133,1,1,Tax,Asset,VND
Phải thu nội bộ,Tài sản ngắn hạn,136,1,1,Receivable,Asset,VND
Phải thu khác,Tài sản ngắn hạn,138,1,1,Receivable,Asset,VND
Tạm ứng,Tài sản ngắn hạn,141,1,0,,Asset,VND
Hàng mua đang đi đường,Tài sản ngắn hạn,151,1,0,Stock Received But Not Billed,Asset,VND
"Nguyên liệu, vật liệu",Tài sản ngắn hạn,152,1,0,,Asset,VND
"Công cụ, dụng cụ",Tài sản ngắn hạn,153,1,1,,Asset,VND
"Chi phí sản xuất, kinh doanh dở dang",Tài sản ngắn hạn,154,1,0,Temporary,Asset,VND
Thành phẩm,Tài sản ngắn hạn,155,1,1,Stock,Asset,VND
Hàng hóa,Tài sản ngắn hạn,156,1,1,Stock,Asset,VND
Hàng gửi đi bán,Tài sản ngắn hạn,157,1,0,,Asset,VND
Hàng hóa kho bảo thuế,Tài sản ngắn hạn,158,1,0,,Asset,VND
Chi sự nghiệp,Tài sản ngắn hạn,161,1,1,,Asset,VND
Giao dịch mua bán lại trái phiếu chính phủ,Tài sản ngắn hạn,171,1,0,,Asset,VND
Tài sản cố định hữu hình,Tài sản dài hạn,211,2,1,,Asset,VND
Tài sản cố định thuê tài chính,Tài sản dài hạn,212,2,1,,Asset,VND
Tài sản cố định vô hình,Tài sản dài hạn,213,2,1,,Asset,VND
Hao mòn tài sản cố định,Tài sản dài hạn,214,2,1,Accumulated Depreciation,Asset,VND
Bất động sản đầu tư,Tài sản dài hạn,217,2,0,,Asset,VND
Đầu tư vào công ty con,Tài sản dài hạn,221,2,0,,Asset,VND
"Đầu tư vào công ty liên doanh, liên kết",Tài sản dài hạn,222,2,0,,Asset,VND
Đầu tư khác,Tài sản dài hạn,228,2,1,,Asset,VND
Dự phòng tổn thất tài sản,Tài sản dài hạn,229,2,1,,Asset,VND
Xây dựng cơ bản dở dang,Tài sản dài hạn,241,2,1,,Asset,VND
Chi phí trả trước,Tài sản dài hạn,242,2,0,,Asset,VND
Tài sản thuế thu nhập hoãn lại,Tài sản dài hạn,243,2,0,,Asset,VND
"Cầm cố, thế chấp, ký quỹ, ký cược",Tài sản dài hạn,244,2,0,,Asset,VND
Phải trả cho người bán,Nợ phải trả,331,3,0,Payable,Liability,VND
Thuế và các khoản phải nộp Nhà nước,Nợ phải trả,333,3,1,Tax,Liability,VND
Phải trả người lao động,Nợ phải trả,334,3,1,Payable,Liability,VND
Chi phí phải trả,Nợ phải trả,335,3,0,Payable,Liability,VND
Phải trả nội bộ,Nợ phải trả,336,3,1,Payable,Liability,VND
Thanh toán theo tiến độ kế hoạch hợp đồng xây dựng,Nợ phải trả,337,3,0,,Liability,VND
"Phải trả, phải nộp khác",Nợ phải trả,338,3,1,,Liability,VND
Vay và nợ thuê tài chính,Nợ phải trả,341,3,1,,Liability,VND
Trái phiếu phát hành,Nợ phải trả,343,3,1,,Liability,VND
"Nhận ký quỹ, ký cược",Nợ phải trả,344,3,0,,Liability,VND
Thuế thu nhập hoãn lại phải trả,Nợ phải trả,347,3,0,,Liability,VND
Dự phòng phải trả,Nợ phải trả,352,3,1,,Liability,VND
"Quỹ khen thưởng, phúc lợi",Nợ phải trả,353,3,1,,Liability,VND
Quỹ phát triển khoa học và công nghệ,Nợ phải trả,356,3,1,,Liability,VND
Quỹ bình ổn giá,Nợ phải trả,357,3,0,,Liability,VND
Vốn đầu tư của chủ sở hữu,Vốn chủ sở hữu,411,4,1,,Equity,VND
Chênh lệch đánh giá lại tài sản,Vốn chủ sở hữu,412,4,0,,Equity,VND
Chênh lệch tỷ giá hối đoái,Vốn chủ sở hữu,413,4,1,,Equity,VND
Quỹ đầu tư phát triển,Vốn chủ sở hữu,414,4,0,,Equity,VND
Quỹ hỗ trợ sắp xếp doanh nghiệp,Vốn chủ sở hữu,417,4,0,,Equity,VND
Các quỹ khác thuộc vốn chủ sở hữu,Vốn chủ sở hữu,418,4,0,,Equity,VND
Cổ phiếu quỹ,Vốn chủ sở hữu,419,4,0,,Equity,VND
Lợi nhuận sau thuế chưa phân phối,Vốn chủ sở hữu,421,4,1,,Equity,VND
Nguồn vốn đầu tư xây dựng cơ bản,Vốn chủ sở hữu,441,4,0,,Equity,VND
Nguồn kinh phí sự nghiệp,Vốn chủ sở hữu,461,4,1,,Equity,VND
Nguồn kinh phí đã hình thành TSCĐ,Vốn chủ sở hữu,466,4,0,,Equity,VND
Doanh thu bán hàng và cung cấp dịch vụ,Doanh thu,511,5,1,,Income,VND
Doanh thu hoạt động tài chính,Doanh thu,515,5,0,,Income,VND
Các khoản giảm trừ doanh thu,Doanh thu,521,5,1,,Income,VND
Mua hàng,"Chi phí sản xuất, kinh doanh",611,6,1,Expenses Included In Asset Valuation,Expense,VND
"Chi phí nguyên liệu, vật liệu trực tiếp","Chi phí sản xuất, kinh doanh",621,6,0,,Expense,VND
Chi phí nhân công trực tiếp,"Chi phí sản xuất, kinh doanh",622,6,0,,Expense,VND
Chi phí sử dụng máy thi công,"Chi phí sản xuất, kinh doanh",623,6,1,Expenses Included In Asset Valuation,Expense,VND
Chi phí sản xuất chung,"Chi phí sản xuất, kinh doanh",627,6,1,,Expense,VND
Giá thành sản xuất,"Chi phí sản xuất, kinh doanh",631,6,0,,Expense,VND
Giá vốn hàng bán,"Chi phí sản xuất, kinh doanh",632,6,0,Cost of Goods Sold,Expense,VND
Chi phí tài chính,"Chi phí sản xuất, kinh doanh",635,6,0,,Expense,VND
Chi phí bán hàng,"Chi phí sản xuất, kinh doanh",641,6,1,,Expense,VND
Chi phí quản lý doanh nghiệp,"Chi phí sản xuất, kinh doanh",642,6,1,,Expense,VND
Thu nhập khác,Thu nhập khác (loại),711,7,0,,Income,VND
Chi phí khác,Chi phí khác (loại),811,8,0,,Expense,VND
Chi phí thuế thu nhập doanh nghiệp,Chi phí khác (loại),821,8,1,,Expense,VND
Xác định kết quả kinh doanh,Xác định kết quả kinh doanh (loại),911,9,0,,Income,VND
Tiền Việt Nam,Tiền mặt,1111,111,0,Cash,Asset,VND
Ngoại tệ,Tiền mặt,1112,111,0,Cash,Asset,USD
Vàng tiền tệ,Tiền mặt,1113,111,0,Cash,Asset,VND
Tiền Việt Nam,Tiền gửi Ngân hàng,1121,112,0,Bank,Asset,VND
Ngoại tệ,Tiền gửi Ngân hàng,1122,112,0,Bank,Asset,USD
Vàng tiền tệ,Tiền gửi Ngân hàng,1123,112,0,Bank,Asset,VND
Tiền Việt Nam,Tiền đang chuyển,1131,113,0,Bank,Asset,VND
Ngoại tệ,Tiền đang chuyển,1132,113,0,Bank,Asset,USD
Cổ phiếu,Chứng khoán kinh doanh,1211,121,0,,Asset,VND
Trái phiếu,Chứng khoán kinh doanh,1212,121,0,,Asset,VND
Chứng khoán và công cụ tài chính khác,Chứng khoán kinh doanh,1218,121,0,,Asset,VND
Tiền gửi có kỳ hạn,Đầu tư nắm giữ đến ngày đáo hạn,1281,128,0,,Asset,VND
Trái phiếu,Đầu tư nắm giữ đến ngày đáo hạn,1282,128,0,,Asset,VND
Cho vay,Đầu tư nắm giữ đến ngày đáo hạn,1283,128,0,,Asset,VND
Các khoản đầu tư khác nắm giữ đến ngày đáo hạn,Đầu tư nắm giữ đến ngày đáo hạn,1288,128,0,,Asset,VND
"Thuế GTGT được khấu trừ của hàng hóa, dịch vụ",Thuế GTGT được khấu trừ,1331,133,0,Tax,Asset,VND
Thuế GTGT được khấu trừ của TSCĐ,Thuế GTGT được khấu trừ,1332,133,0,Tax,Asset,VND
Vốn kinh doanh ở các đơn vị trực thuộc,Phải thu nội bộ,1361,136,0,Receivable,Asset,VND
Phải thu nội bộ về chênh lệch tỷ giá,Phải thu nội bộ,1362,136,0,Receivable,Asset,VND
Phải thu nội bộ về chi phí đi vay đủ điều kiện được vốn hóa,Phải thu nội bộ,1363,136,0,Receivable,Asset,VND
Phải thu nội bộ khác,Phải thu nội bộ,1368,136,0,Receivable,Asset,VND
Tài sản thiếu chờ xử lý,Phải thu khác,1381,138,0,Receivable,Asset,VND
Phải thu về cổ phần hóa,Phải thu khác,1385,138,0,Receivable,Asset,VND
Phải thu khác,Phải thu khác,1388,138,0,Receivable,Asset,VND
"Công cụ, dụng cụ","Công cụ, dụng cụ",1531,153,0,,Asset,VND
Bao bì luân chuyển,"Công cụ, dụng cụ",1532,153,0,,Asset,VND
Đồ dùng cho thuê,"Công cụ, dụng cụ",1533,153,0,,Asset,VND
"Thiết bị, phụ tùng thay thế","Công cụ, dụng cụ",1534,153,0,,Asset,VND
Thành phẩm nhập kho,Thành phẩm,1551,155,0,Stock,Asset,VND
Thành phẩm bất động sản,Thành phẩm,1557,155,0,Stock,Asset,VND
Giá mua hàng hóa,Hàng hóa,1561,156,0,,Asset,VND
Chi phí thu mua hàng hóa,Hàng hóa,1562,156,0,,Asset,VND
Hàng hóa bất động sản,Hàng hóa,1567,156,0,,Asset,VND
Chi sự nghiệp năm trước,Chi sự nghiệp,1611,161,0,,Asset,VND
Chi sự nghiệp năm nay,Chi sự nghiệp,1612,161,0,,Asset,VND
"Nhà cửa, vật kiến trúc",Tài sản cố định hữu hình,2111,211,0,,Asset,VND
"Máy móc, thiết bị",Tài sản cố định hữu hình,2112,211,0,,Asset,VND
"Phương tiện vận tải, truyền dẫn",Tài sản cố định hữu hình,2113,211,0,,Asset,VND
"Thiết bị, dụng cụ quản lý",Tài sản cố định hữu hình,2114,211,0,,Asset,VND
"Cây lâu năm, súc vật làm việc và cho sản phẩm",Tài sản cố định hữu hình,2115,211,0,,Asset,VND
TSCĐ khác,Tài sản dài hạn,2118,2,0,,Asset,VND
TSCĐ hữu hình thuê tài chính,Tài sản cố định thuê tài chính,2121,212,0,,Asset,VND
TSCĐ vô hình thuê tài chính,Tài sản cố định thuê tài chính,2122,212,0,,Asset,VND
Quyền sử dụng đất,Tài sản cố định vô hình,2131,213,0,,Asset,VND
Quyền phát hành,Tài sản cố định vô hình,2132,213,0,,Asset,VND
"Bản quyền, bằng sáng chế",Tài sản cố định vô hình,2133,213,0,,Asset,VND
"Nhãn hiệu, tên thương mại",Tài sản cố định vô hình,2134,213,0,,Asset,VND
Chương trình phần mềm,Tài sản cố định vô hình,2135,213,0,,Asset,VND
Giấy phép và giấy phép nhượng quyền,Tài sản cố định vô hình,2136,213,0,,Asset,VND
TSCĐ vô hình khác,Tài sản cố định vô hình,2138,213,0,,Asset,VND
Hao mòn TSCĐ hữu hình,Hao mòn tài sản cố định,2141,214,0,Accumulated Depreciation,Asset,VND
Hao mòn TSCĐ thuê tài chính,Hao mòn tài sản cố định,2142,214,0,Accumulated Depreciation,Asset,VND
Hao mòn TSCĐ vô hình,Hao mòn tài sản cố định,2143,214,0,Accumulated Depreciation,Asset,VND
Hao mòn bất động sản đầu tư,Hao mòn tài sản cố định,2147,214,0,Accumulated Depreciation,Asset,VND
Đầu tư góp vốn vào đơn vị khác,Đầu tư khác,2281,228,0,,Asset,VND
Đầu tư khác,Đầu tư khác,2288,228,0,,Asset,VND
Dự phòng giảm giá chứng khoán kinh doanh,Dự phòng tổn thất tài sản,2291,229,0,,Asset,VND
Dự phòng tổn thất đầu tư vào đơn vị khác,Dự phòng tổn thất tài sản,2292,229,0,,Asset,VND
Dự phòng phải thu khó đòi,Dự phòng tổn thất tài sản,2293,229,0,,Asset,VND
Dự phòng giảm giá hàng tồn kho,Dự phòng tổn thất tài sản,2294,229,0,,Asset,VND
Mua sắm TSCĐ,Xây dựng cơ bản dở dang,2411,241,0,,Asset,VND
Xây dựng cơ bản,Xây dựng cơ bản dở dang,2412,241,0,,Asset,VND
Sửa chữa lớn TSCĐ,Xây dựng cơ bản dở dang,2413,241,0,,Asset,VND
Thuế giá trị gia tăng phải nộp,Thuế và các khoản phải nộp Nhà nước,3331,333,0,Tax,Liability,VND
Thuế tiêu thụ đặc biệt,Thuế và các khoản phải nộp Nhà nước,3332,333,0,Tax,Liability,VND
"Thuế xuất, nhập khẩu",Thuế và các khoản phải nộp Nhà nước,3333,333,0,Tax,Liability,VND
Thuế thu nhập doanh nghiệp,Thuế và các khoản phải nộp Nhà nước,3334,333,0,Tax,Liability,VND
Thuế thu nhập cá nhân,Thuế và các khoản phải nộp Nhà nước,3335,333,0,Tax,Liability,VND
Thuế tài nguyên,Thuế và các khoản phải nộp Nhà nước,3336,333,0,Tax,Liability,VND
"Thuế nhà đất, tiền thuê đất",Thuế và các khoản phải nộp Nhà nước,3337,333,0,Tax,Liability,VND
Thuế bảo vệ môi trường và các loại thuế khác,Thuế và các khoản phải nộp Nhà nước,3338,333,1,Tax,Liability,VND
"Phí, lệ phí và các khoản phải nộp khác",Nợ phải trả,3339,3,0,Tax,Liability,VND
Phải trả công nhân viên,Phải trả người lao động,3341,334,0,Payable,Liability,VND
Phải trả người lao động khác,Phải trả người lao động,3348,334,0,Payable,Liability,VND
Phải trả nội bộ về vốn kinh doanh,Phải trả nội bộ,3361,336,0,,Liability,VND
Phải trả nội bộ về chênh lệch tỷ giá,Phải trả nội bộ,3362,336,0,,Liability,VND
Phải trả nội bộ về chi phí đi vay đủ điều kiện được vốn hóa,Phải trả nội bộ,3363,336,0,,Liability,VND
Phải trả nội bộ khác,Phải trả nội bộ,3368,336,0,,Liability,VND
Tài sản thừa chờ giải quyết,"Phải trả, phải nộp khác",3381,338,0,,Liability,VND
Kinh phí công đoàn,"Phải trả, phải nộp khác",3382,338,0,,Liability,VND
Bảo hiểm xã hội,"Phải trả, phải nộp khác",3383,338,0,,Liability,VND
Bảo hiểm y tế,"Phải trả, phải nộp khác",3384,338,0,,Liability,VND
Phải trả về cổ phần hóa,"Phải trả, phải nộp khác",3385,338,0,,Liability,VND
Bảo hiểm thất nghiệp,"Phải trả, phải nộp khác",3386,338,0,,Liability,VND
Doanh thu chưa thực hiện,"Phải trả, phải nộp khác",3387,338,0,,Liability,VND
"Phải trả, phải nộp khác","Phải trả, phải nộp khác",3388,338,0,,Liability,VND
Các khoản đi vay,Vay và nợ thuê tài chính,3411,341,0,,Liability,VND
Nợ thuê tài chính,Vay và nợ thuê tài chính,3412,341,0,,Liability,VND
Trái phiếu thường,Trái phiếu phát hành,3431,343,1,,Liability,VND
Trái phiếu chuyển đổi,Trái phiếu phát hành,3432,343,0,,Liability,VND
Dự phòng bảo hành sản phẩm hàng hóa,Dự phòng phải trả,3521,352,0,,Liability,VND
Dự phòng bảo hành công trình xây dựng,Dự phòng phải trả,3522,352,0,,Liability,VND
Dự phòng tái cơ cấu doanh nghiệp,Dự phòng phải trả,3523,352,0,,Liability,VND
Dự phòng phải trả khác,Dự phòng phải trả,3524,352,0,,Liability,VND
Quỹ khen thưởng,"Quỹ khen thưởng, phúc lợi",3531,353,0,,Liability,VND
Quỹ phúc lợi,"Quỹ khen thưởng, phúc lợi",3532,353,0,,Liability,VND
Quỹ phúc lợi đã hình thành TSCĐ,"Quỹ khen thưởng, phúc lợi",3533,353,0,,Liability,VND
Quỹ thưởng ban quản lý điều hành công ty,"Quỹ khen thưởng, phúc lợi",3534,353,0,,Liability,VND
Quỹ phát triển khoa học và công nghệ,Quỹ phát triển khoa học và công nghệ,3561,356,0,,Liability,VND
Quỹ phát triển khoa học và công nghệ đã hình thành TSCĐ,Quỹ phát triển khoa học và công nghệ,3562,356,0,,Liability,VND
Vốn góp của chủ sở hữu,Vốn đầu tư của chủ sở hữu,4111,411,1,,Equity,VND
Thặng dư vốn cổ phần,Vốn đầu tư của chủ sở hữu,4112,411,0,,Equity,VND
Quyền chọn chuyển đổi trái phiếu,Vốn đầu tư của chủ sở hữu,4113,411,0,,Equity,VND
Vốn khác,Vốn đầu tư của chủ sở hữu,4118,411,0,,Equity,VND
Chênh lệch tỷ giá do đánh giá lại các khoản mục tiền tệ có gốc ngoại tệ,Chênh lệch tỷ giá hối đoái,4131,413,0,,Equity,VND
Chênh lệch tỷ giá hối đoái trong giai đoạn trước hoạt động,Chênh lệch tỷ giá hối đoái,4132,413,0,,Equity,VND
Lợi nhuận sau thuế chưa phân phối năm trước,Lợi nhuận sau thuế chưa phân phối,4211,421,0,,Equity,VND
Lợi nhuận sau thuế chưa phân phối năm nay,Lợi nhuận sau thuế chưa phân phối,4212,421,0,,Equity,VND
Nguồn kinh phí sự nghiệp năm trước,Nguồn kinh phí sự nghiệp,4611,461,0,,Equity,VND
Nguồn kinh phí sự nghiệp năm nay,Nguồn kinh phí sự nghiệp,4612,461,0,,Equity,VND
Doanh thu bán hàng hóa,Doanh thu bán hàng và cung cấp dịch vụ,5111,511,0,,Income,VND
Doanh thu bán các thành phẩm,Doanh thu bán hàng và cung cấp dịch vụ,5112,511,0,,Income,VND
Doanh thu cung cấp dịch vụ,Doanh thu bán hàng và cung cấp dịch vụ,5113,511,0,,Income,VND
"Doanh thu trợ cấp, trợ giá",Doanh thu bán hàng và cung cấp dịch vụ,5114,511,0,,Income,VND
Doanh thu kinh doanh bất động sản đầu tư,Doanh thu bán hàng và cung cấp dịch vụ,5117,511,0,,Income,VND
Doanh thu khác,Doanh thu bán hàng và cung cấp dịch vụ,5118,511,0,,Income,VND
Chiết khấu thương mại,Các khoản giảm trừ doanh thu,5211,521,0,,Income,VND
Hàng bán bị trả lại,Các khoản giảm trừ doanh thu,5212,521,0,,Income,VND
Giảm giá hàng bán,Các khoản giảm trừ doanh thu,5213,521,0,,Income,VND
"Mua nguyên liệu, vật liệu",Mua hàng,6111,611,0,Expenses Included In Asset Valuation,Expense,VND
Mua hàng hóa,Mua hàng,6112,611,0,Expenses Included In Asset Valuation,Expense,VND
Chi phí nhân công,Chi phí sử dụng máy thi công,6231,623,0,Expenses Included In Asset Valuation,Expense,VND
Chi phí vật liệu,Chi phí sử dụng máy thi công,6232,623,0,Expenses Included In Asset Valuation,Expense,VND
Chi phí dụng cụ sản xuất,Chi phí sử dụng máy thi công,6233,623,0,Expenses Included In Asset Valuation,Expense,VND
Chi phí khấu hao máy thi công,Chi phí sử dụng máy thi công,6234,623,0,Expenses Included In Asset Valuation,Expense,VND
Chi phí dịch vụ mua ngoài,Chi phí sử dụng máy thi công,6237,623,0,Expenses Included In Asset Valuation,Expense,VND
Chi phí bằng tiền khác,Chi phí sử dụng máy thi công,6238,623,0,Expenses Included In Asset Valuation,Expense,VND
Chi phí nhân viên phân xưởng,Chi phí sản xuất chung,6271,627,0,,Expense,VND
Chi phí vật liệu,Chi phí sản xuất chung,6272,627,0,,Expense,VND
Chi phí dụng cụ sản xuất,Chi phí sản xuất chung,6273,627,0,,Expense,VND
Chi phí khấu hao TSCĐ,Chi phí sản xuất chung,6274,627,0,,Expense,VND
Chi phí dịch vụ mua ngoài,Chi phí sản xuất chung,6277,627,0,,Expense,VND
Chi phí bằng tiền khác,Chi phí sản xuất chung,6278,627,0,,Expense,VND
Chi phí nhân viên,Chi phí bán hàng,6411,641,0,,Expense,VND
"Chi phí vật liệu, bao bì",Chi phí bán hàng,6412,641,0,,Expense,VND
"Chi phí dụng cụ, đồ dùng",Chi phí bán hàng,6413,641,0,,Expense,VND
Chi phí khấu hao TSCĐ,Chi phí bán hàng,6414,641,0,,Expense,VND
Chi phí bảo hành,Chi phí bán hàng,6415,641,0,,Expense,VND
Chi phí dịch vụ mua ngoài,Chi phí bán hàng,6417,641,0,,Expense,VND
Chi phí bằng tiền khác,Chi phí bán hàng,6418,641,0,,Expense,VND
Chi phí nhân viên quản lý,Chi phí quản lý doanh nghiệp,6421,642,0,,Expense,VND
Chi phí vật liệu quản lý,Chi phí quản lý doanh nghiệp,6422,642,0,,Expense,VND
Chi phí đồ dùng văn phòng,Chi phí quản lý doanh nghiệp,6423,642,0,,Expense,VND
Chi phí khấu hao TSCĐ,Chi phí quản lý doanh nghiệp,6424,642,0,Depreciation,Expense,VND
"Thuế, phí và lệ phí",Chi phí quản lý doanh nghiệp,6425,642,0,,Expense,VND
Chi phí dự phòng,Chi phí quản lý doanh nghiệp,6426,642,0,,Expense,VND
Chi phí dịch vụ mua ngoài,Chi phí quản lý doanh nghiệp,6427,642,0,,Expense,VND
Chi phí bằng tiền khác,Chi phí quản lý doanh nghiệp,6428,642,0,,Expense,VND
Chi phí thuế TNDN hiện hành,Chi phí thuế thu nhập doanh nghiệp,8211,821,0,,Expense,VND
Chi phí thuế TNDN hoãn lại,Chi phí thuế thu nhập doanh nghiệp,8212,821,0,,Expense,VND
Thuế GTGT đầu ra,Thuế giá trị gia tăng phải nộp,33311,3331,0,Tax,Liability,VND
Thuế GTGT hàng nhập khẩu,Thuế giá trị gia tăng phải nộp,33312,3331,0,Tax,Liability,VND
Thuế bảo vệ môi trường,Thuế bảo vệ môi trường và các loại thuế khác,33381,3338,0,Tax,Liability,VND
Các loại thuế khác,Thuế bảo vệ môi trường và các loại thuế khác,33382,3338,0,Tax,Liability,VND
Mệnh giá trái phiếu,Trái phiếu thường,34311,3431,0,,Liability,VND
Chiết khấu trái phiếu,Trái phiếu thường,34312,3431,0,,Liability,VND
Phụ trội trái phiếu,Trái phiếu thường,34313,3431,0,,Liability,VND
Cổ phiếu phổ thông có quyền biểu quyết,Vốn đầu tư của chủ sở hữu,41111,411,0,,Equity,VND
Cổ phiếu ưu đãi,Vốn đầu tư của chủ sở hữu,41112,411,0,,Equity,VND